ID,Name
104163,L Karnitin CLA
1012,Tartı
109111,Kumaş
103677,Blender Seti
1030,Ceket
101421,Klasik Ayakkabı
103718,Klasik Topuklu Ayakkabı
1156,Ruj
144727,Krampon
103727,Bebek Takımları
164461,Android Cep Telefonları
104160,Amino Asit
1152,Postacı Çanta
101510,Mikser & Mikser Seti
105863,Tesettür Yağmurluk
1172,Sneaker
103782,Hafıza Kartı
109349,Telefon Kılıfı
1110,Makyaj Çantası
1181,Şapka
1160,Saç Düzleştirici
999,Allık
105491,Tül Perde
1122,Yüz Kremi
146093,Kulak üstü Bluetooth kulaklık
106338,Konsept Hediyelik
108728,Diş Fırçalık
1037,Çizme
103575,Kedi Fırça ve Tarağı
105553,Saç Bonesi
108862,Büyük Beden Eşofman Altı
75,Gömlek
144693,Şarjlı Diş Fırçası
108623,Gardırop
103678,Dikiş Makinesi
106549,Tükenmez Kalem
102777,Büyük Beden T-shirt
1025,Bot
1108,Loafer
109454,Dik Süpürge
104449,Baza
103637,Ocak
109461,Yenilenmiş Cep Telefonu
1151,Portföy
110,Terlik
73,T-Shirt
56,Elbise
1092,Kazak
105441,Salep
101504,Fırın & Kek Kalıpları
119,Şort
106320,Oyuncu Klavyesi
1011,Bardak
105460,Bez Dolap
101430,Abiye Ayakkabı
1174,Spor Çantası
108890,Çay Makinesi
104500,Yatak
1132,Panduf
144188,Gofret
104207,Ev Botu
101428,Tenis Ayakkabısı
101496,Pijama Takımı
165994,Kulak içi Bluetoooth Kulaklık
1197,Tost Makinesi
108865,Büyük Beden Hırka
101398,Diş Macunu
104386,Çocuk Masal & Öykü
104040,Beslenme Çantası
108824,Çatal Kaşık Bıçak
104106,Multimedya Görüntü Sistemi
1240,Akıllı Saat
105698,Kaynak Makinesi
1161,Saç Kurutma Makinesi
1051,Ferace
118,Mont
1066,Hırka
105490,Stor Perde
142654,Dijital Baskı
143993,Siyah Nokta Bandı
1366,Avize
1191,Tencere
109294,Direnç Lastiği
86,Parfüm
1059,Göz Farı
104581,Bisiklet Aksesuarları
105470,Kek
108961,Makyaj Paleti
109331,Endüstriyel Mutfak Ekipmanları
103923,Temizlik Bezleri
103672,Kablo Adaptör
1032,Cüzdan
1179,Sweatshirt
102377,Tıraş Makinesi
1048,Espadril
104204,Okul Çantası
1163,Saç Maşası
105510,Kase
104536,İç Çamaşırı Takımları
1193,Termos
144114,Kedi Makası
109059,E-Pin ve Cüzdan Kodu
145100,Yeşil Mercimek
146155,Saat Seti
104038,Foto ve Kamera Aksesuarları
144697,Saç Kesim Makası
142649,Resim
103546,Bijuteri Kolye
143562,Musluk Başlığı
145388,Kek ve Pasta Karışımları
1055,Fritöz
104543,Casual Ayakkabı
1063,Halı
104210,Banyo Seti
1207,Yelek
72,Tunik
106088,Oyuncu Mouseları
1057,Halı Saha Ayakkabısı
105692,Hava Kompresörü
144297,Silikon Tabancası
164941,Şarj Kablosu
115,Sırt Çantası
105496,Yolluk
144064,Evcilik ve Mutfak Setleri
144838,Bebek Diş Macunu
101465,Omuz Çantası
104566,Bebek Body Zıbın
145668,Boks Eldiveni
105497,Ağız Çalkalama Suyu
164016,Whey Protein
55,Abiye Elbise
109215,Komodin
105498,Diş Fırçası Yedek Başlığı
148181,Sıvı Sabun
151037,Ayakkabı Bağcığı
108919,Led Işık
1101,Kravat
104245,Aksiyon Kamera
103949,Cips
109089,Hava Nemlendiricisi
163825,Spor Sandalet
104212,Dekoratif Obje Biblo
109334,Uydu Alıcı Aksesuarları
1264,Sabunluk
79,Trençkot
101521,Dekoratif Ürünler
1253,Makyaj Fırçası
101429,Yürüyüş Ayakkabısı
105531,Tüy Toplayıcı
102772,Çift Kişilik Yatak örtüsü
104360,Sınav Hazırlık Kitabı
106562,Dolma Kalem
103588,Kedi Maması
1338,Diğer Aksesuar
104508,Çok Amaçlı Mutfak Dolapları
105488,Fon Perde
145667,Boks Bandajı
104014,Yüz Temizleyicileri
101426,Koşu Ayakkabısı
105849,Tesettür Bone
143969,Oto Far Temizleyici
1038,Çorap
1212,Yüz Maskesi
109302,Paspas ve Mop
1205,Yağmurluk & Rüzgarlık
144196,Antep Fıstığı
105637,Yağdanlık
104145,El Çantası
101391,Vücut Kremleri
145095,Kırmızı Mercimek
104438,Çift Kişilik Battaniye
109104,Bebek Deterjanı
145237,Toz Şeker
1019,Bluz
1105,Külot
103702,Diğer Oyuncaklar
109453,Robot Süpürge
104458,Güvenlik Sistemi
104162,Kreatin
105443,Granül Kahve
104481,Konsol
103589,Kedi Ödülü
103966,Peynir
148182,Katı Sabun
104583,Kulakiçi Kulaklık
103542,Bijuteri Bileklik
144886,Diğer Bitki Çayları
105483,Kavanoz Maması
120,Jean
145612,Olta Çantası
104046,Bilgisayar Oyunları
143225,Yemek Tabağı
105087,Vitamin
103757,Biberon Isıtıcı Sterilizatör
103740,Portbebe Kanguru Sling
104571,Orta Sehpa
103950,Çikolata
104505,TV Ünitesi
105447,Türk Kahvesi
1040,Deodorant
103849,Motosiklet Kaskları
104036,Mikrofon
103533,Çeyrek Altın
101451,Eşofman Altı
102770,Çift Kişilik Nevresim Takımları
103108,Laptop
144910,Maya
144895,Diğer Baharat
70,Pantolon
109053,Türk Kahve Makinesi
106,Dolgu Topuklu Ayakkabı
104277,Koşu Bantları
109339,Hobi Makineleri
144648,Akıllı Aydınlatma
109366,Makas
103805,Elde Bulaşık Deterjanı
109096,Yatak Pedi & Şiltesi
104021,Diş İpi
109103,Bebek Leke Çıkarıcı
144201,Kabak Çekirdeği
103675,Ampul
104509,Hazır Mutfak Dolabı
103948,Bisküvi
104156,Televizyon
1180,Şampuan
164472,Ultrason Jeli
101453,Spor Mont
103581,Kedi Konserve Mamaları
104141,Yapıştırıcı
101394,Manikür & Pedikür Aletleri
109005,Tablet Kılıfı
69,Etek
109427,Büyük Beden Pijama Takımı
109456,Torbasız Süpürge
104193,Boks Ekipmanları
1129,Oxford
108942,Banyo Lifi ve Süngeri
146258,Termal Çanta 
103623,Buzdolabı
108863,Büyük Beden Kaban
110471,Poşet
105836,Tesettür Ceket
78,Takım Elbise
104144,Bel Çantası
109340,Dikiş Makinesi Aksesuarları
63,Sütyen
109503,Gitar
104080,Klima
103868,Kolçaklar
109040,Fantezi Kostüm
103956,Şekerleme
105829,Tesettür Abiye
103541,Altın Bileklik
104497,Çalışma Masası
104309,Roman
1128,Outdoor Ayakkabı
104573,Yan Sehpa
110825,RC Araba
101459,Spor T-shirt
142650,Baskı ve Gravür
1185,Tablo
145276,Kakao
105631,Çiçekli Bodur Bitki
164939,Akıllı Saat Ekran Koruyucu
108775,Polo Yaka T-shirt
104091,Motorcu Pantolonu
143982,Motosiklet Sele Kılıfı
104061,Tüy Dökücü Krem
105505,Roll on ve Stick
104450,Yatak Odası Takımı
105442,Filtre Çekirdek Kahve
104173,Bulaşıklık
105773,Güvenlik Cihazları
105571,Oda Kokusu
1154,Puset
144840,Diğer Bebek Sağlık Ürünleri
103697,Deniz Malzemeleri
108940,Elektrikli Süpürge Aksesuarları
109342,Airpods Kılıf
103620,Köpek Maması
104086,Vantilatör
104171,Kupa & Kupa Takımı
104258,Kamp Ocağı
105090,Bitkisel Ürünler
1046,Eldiven
1111,Mama Sandalyesi
104244,Zıpkın ve Zıpkın Aksesuarları
110303,TV Ekran Koruyucular
144112,Köpek Sağlık Ürünü
1060,Göz Kalemi
143968,Oto Döşeme Temizleyicileri
31,Şal
1039,Çöp Kovası
105495,Çift Kişilik Yorgan
103535,Gram Altın
104074,Epilatör
104161,Karbonhidrat Mass Gainer
104572,Zigon
105583,Bebek Nevresim Takımı
105,Güneş Gözlüğü
104208,Ev Terliği
106086,Oyuncu Kulaklıkları
109094,Buhar Kazanlı Ütü
101383,Cilt Bakım Seti
104167,Banyo Dolabı
103814,Yumuşatıcılar
121,Tayt
109121,Ajanda
144041,Oyuncak Kamyon ve İş Makineleri
105444,Kahve Kreması Süt Tozu
143558,Lavabo Bataryası
103621,Bulaşık Makinesi
103774,Bebek Pudrası ve Kolonyası
142609,Takvim
1140,Peçetelik
109607,Makyaj Temizleyici
1042,Dudak Kalemi
104420,Ders ve Yardımcı Kitaplar
103803,Bulaşık Makinesi Deterjanı
103905,Araç İçi Kameralar
144203,Karışık Kuruyemiş
1004,Atlet
109671,Mikrofon ve Aksesuarlar
110647,Oto Kompresör
1196,Tonik
109223,Piyano
106327,Çocuk Halısı
102773,Tek Kişilik Çarşaf Takımı
149700,Ağız ve Diş Sağlığı
144857,"Damla, Serum, Sprey"
106362,Fosforlu Kalem
110620,Oto Sinyalleri
103676,Lambader
104043,Video Kameralar
144200,Fındık
1363,Bebek Bezi
145460,Bal
103769,Bebek Krem Yağlar
145372,Buğday Unu
103571,Kedi Aksesuarları
109361,Cımbız
103917,Çocuk Puzzle ve Yapboz
1166,Sandık
103596,Kedi Vitamini
104108,Bulaşık Tuzu
103580,Akvaryum Motoru
101452,Eşofman Takımı
108823,BB CC Krem
144885,Diğer Kuruyemiş
103714,Suluk ve Matara
144059,Karakter Figür Oyuncaklar
105839,Tesettür Mont
105647,Yapıştırıcı ve Bant
103839,Motosiklet Lastikleri
101494,Pijama Altı
144276,Endüstriyel Isıtıcı
1064,Havlu & Havlu Seti
101388,Saç Kremi
103747,Telsiz Kamera Dedektör
105856,Tesettür Trençkot
103842,Tankpad ve Stickerlar
1147,Plaj Çantası
104580,Bisiklet
143566,Dekoratif Kutu
102769,Tek Kişilik Nevresim Takımları
101512,Abajur
101469,Bikini Üstü
61,Boxer
110892,Araç İçi Süpürge
145907,Dalış Elbisesi
103548,Gümüş Kolye
144503,Fotoğraf Kağıdı
103789,Kuru Boya Kalemi
34,Saat
1015,Bere
103647,Kuş Yemi
144663,Hamur Şekillendirici
1139,Patik
101381,Cilt Serumu
105663,Taşlama
105623,Tohum
1024,Bornoz
103559,Altın Set ve Takım
103126,Bebek Arabası
105473,Polen ve Propolis
108963,Yapay Çiçek
103902,Lastik
32,Eşarp
1159,Saç Boyası
104384,Aktivite Eğitici Kitap
145238,Küp Şeker
144542,Diğer Sağlık Ölçüm Cihazı
104501,Karyola
105511,Tepsi
144415,Çevirici Dönüştürücü
105585,Bebek Uyku Seti
101490,Bikini Takımı
103625,Çamaşır Makinesi
143732,Bronzlaştırıcı
104268,Dağcılık Malzemeleri
110531,Oto Tampon
144539,Medikal Korse
104017,Aydınlatıcı
1076,Kadeh
144343,Motosiklet Yan Ayna
105627,Çiçek Soğanı
101522,Aplik
104019,Makyaj Seti
144115,Kedi Sağlık Ürünü
104513,Mutfak Rafları
103665,Tablet
103701,Oyun Hamurları
104042,Dijital Fotoğraf Makineleri
104225,Shaker & Aksesuar
105455,Ayakkabılık
164017,Diğer Protein Tozları
103731,Ana Kucağı
101404,Tıraş Bıçağı
83,Takımlar
105581,Bebek Battaniyesi
58,Tulum
109664,Kolajen
103566,Akvaryum Bakım Malzemesi
104586,Salopet
104220,Ütü Masası
1075,Kaban
104081,Kombi
104191,Kostüm
101507,Fırın
103804,Bulaşık Süngeri & Fırçası
110622,Oto Klima Fanları
101457,Spor Şapka
103991,Yoğurt
102784,Plaj Havlusu
113,Babet
109329,Beyaz Eşya Yedek Parça
110834,RC Yedek Parçaları
103544,Altın Kolye
144215,Yeşil Çay
143761,Banyo Köpüğü
106322,Çelik Kolye
1199,USB Bellek
143945,Parti Taçları
109363,Saç Serum ve Yağı
164226,Sahan
109356,Yoğurt Yapma Makinesi
143762,Ayak Törpüsü
108946,Su Arıtma Cihazı
144008,Kahve Fincanları
144231,Kuru Sebze
144408,Akıllı Güvenlik Ürünleri
105725,Banyo Askısı
110315,Müzik Kutusu
1014,Bebek Bakım Çantası
104001,Enerji İçeceği
1203,Vazo
101401,Duş Jeli ve Kremleri
1164,Saklama Kabı
109109,Ranza
104511,Beşik
103707,Puset ve Mama Sandalyesi Oyuncağı
105504,Bebek Ek Gıdalar
104214,Kırlent ve Kırlent Kılıfı
108922,Yılbaşı Ağacı
103954,Lokum
105642,Mobilya Hırdavatı
1044,Duvar Sticker
144686,Göz Kremi
144049,Top havuzu ve toplar
103615,Ankastre Set
66,Mayo
103543,Gümüş Bileklik
1100,Korse
164462,iPhone IOS Cep Telefonları
106547,Keçeli Kalem
144232,Şehriye
143764,Tırnak Makası
103082,Abiye Çanta
144800,Bıçak Setleri
103112,Şarj Cihazları
101415,Makyaj Bazı
104058,Prezervatif
109004,Duvar Dekorasyon Ürünleri
144899,Kekik
101416,Saç Bakım Seti
109240,Hijyenik Eldiven
163932,Toner
145678,Boks Torbası
103996,Gurme ve Organik Ürünler
104446,Yastık Kılıfı
104185,Kağıt Havlu
144207,Beyaz Çay
110874,Oyuncu Masası
104492,Köşe Takımı
1176,String
144694,Dudak Parlatıcısı
108713,Çamaşır Deterjanı
109403,Org
103632,Köpek Vitamini
109216,Şifonyer
111,Sandalet
145154,Sucuk
57,Gelinlik
110548,Oto Plakalık
101484,Kapri & Bermuda
164463,İthalatçı Garantili Cep Telefonları
104005,Meyve Suyu
102771,Tek Kişilik Yatak Örtüsü
105537,Tampon
105616,Mangal
103967,Reçel
104155,Bebek Hediyelik
164033,Soğutucu Sprey
108928,Kravat & Yaka İğnesi
104130,Masa Lambası
104228,Oyuncak Silah Su Tabancası
109459,Tuşlu Cep Telefonu
105499,Protez Diş Bakım
103549,Bijuteri Küpe
143996,Yüz Peelingi
67,Pareo
101448,Spor Atlet
1107,Laptop Çantası
105638,Sineklik
103810,Çamaşır Leke Çıkarıcılar
1208,Yemek Takımı
143560,Eviye Bataryası
101410,Kolonya
145893,Sporcu Matarası
143823,Çeyiz Kolisi
103978,Makarna
150061,Bluetooth Hoparlör
104182,Rende
105590,Ayak Kremi
108856,Büyük Beden Abiye Elbise
103772,Bebek Güneş Kremi
109262,İş Ayakkabısı Çizmesi
104028,Batarya
101466,Doğrayıcı & Rondo
105481,Devam Sütü
1233,Defter
1149,Polar
108923,Yılbaşı Süsleri
106323,Çelik Küpe
106543,Teknik Çizim Kalemi
1061,Yüz Güneş Kremi
164981,Kablosuz Şarj Aleti
144675,Sandalye Örtüsü
62,Gecelik
104103,Oto Paspas
146058,Spor Eşofman Altı
105831,Tesettür Elbise
101513,Kilim
142653,Hızma
110852,Laptop Sehpası
103982,Sıvı Yağlar
165494,Diğer Isıtıcılar
142613,İş Kıyafetleri
104003,İçecek Tozları
103955,Sakız
106112,Ağda
103584,Kedi Kumu
103639,Kuş Gaga Taşı
105494,Tek Kişilik Yorgan
104224,Deniz Şortu
108958,Yedek Tıraş Bıçağı
105550,Hasta Bezi
144251,Yedek Bıçaklar
101431,Stiletto
35,Duvar Saati
105634,Kapı ve Kapı Hırdavatı
1054,Forma
103671,Klavye
109368,Oto Hoparlör
105454,Tabure
144892,Tekli Poşet Kahve
108960,Kıyma Makinesi
144364,Hurç
104164,Özel Sporcu Besinleri
1050,Eyeliner
165217,Su Arıtma Cihazı Aksesuarları
104491,Kanepe
1202,Valiz
165984,Boyama Kitapları
110665,Fren Balataları
104018,Kontür
104441,Önlük Eldiven Tutacak
104591,Pratik Mutfak Gereçleri
103962,Pekmez
109235,Duvar Kağıdı
105471,Bitki ve Tohum
105654,Kutu ve Ambalaj Malzemesi
109354,Bebek Sütü
164966,Kablosuz Ses & Görüntü Aktarıcı
103874,Torpido Aksesuarları
103622,Köpek Ödülü
104344,Kişisel Gelişim
144218,Sıcak Çikolata
109055,Espresso & Cappuccino Makinesi
103959,Glutensiz Ürün
108543,İşlemci
144182,Makyaj Organizerı
106321,Çelik Bileklik
103668,Monitör
103547,Altın Küpe
142651,Fotoğraf
145097,Nohut
144066,Meslek Setleri
103587,Kedi ve Köpek Mama Su Kabı
103790,Pastel Boya
109315,Boya Hazırlık Malzemeleri
109327,Akıllı Saat Kordon
104202,Çelik Kasa
103767,Alt Açma Minderi
109288,Bijuteri Şahmeran
104188,Tuvalet Kağıdı
104570,Figürler
144210,Kış Çayı
1765,Isıtıcı
104232,Olta Misinası
104195,Koruyucu Aksesuar
104514,Mutfak Masası
108663,Ekran Koruyucu
103712,Spor Oyuncakları
144141,Masaj Topu
144060,Diğer Figür Oyuncaklar
103705,Dönence ve Projektör
105588,Ayak Koku Önleyici
143818,Parti Kostümü
103572,Akvaryum Dekor Ve Aksesuarı
104477,Bahçe Takımları
104242,Palet ve Patik
103770,Diğer Bebek Bakım Ürünleri
104494,TV Koltuğu
106090,Oyuncu Masaüstü Bilgisayarı
104376,Din Kitabı
105095,Sağlıklı Atıştırmalıklar
105493,Tek Kişilik Uyku Seti
103716,Tesbih
105445,Kapsül Kahve
164945,Notebook Koruyucu
152231,Peruk
109650,Battal Boy Nevresim
109365,Gönye
105847,Tesettür Bluz
109247,Demlik Poşet Çay
103853,Arma Sticker Fosfor Şeritler
101458,Spor Şort
105561,Bebek Sabunu
1022,Bone
104452,Makyaj Tuvalet Masası
105088,Balık Yağı
164073,Şaraplık
144197,Ay Çekirdeği
109702,Boncuk
144098,Hasta Destek Aparatı
144285,İç Cephe Boyası
144691,Manuel Diş Fırçası
109249,Dökme Çay
143251,Elektronik Çeyiz Seti
103873,Araba Kokusu
1188,Tava
101384,Dudak Bakımı
110717,Oto Radyatör Ekipmanları
104260,Diğer Kamp Mutfak Ürünleri
103695,Dişlik ve Çıngırak
109019,Filtre Kahve Makinesi
143942,Parti Aksesuarları
109336,Çay & Kahve Makinesi Aksesuar
1187,Saç Fırçası ve Tarak
104030,Telefon Kasası
1056,Fular
109372,Futbol Topu
103113,Taşınabilir Batarya
108930,Aktar Ürünleri
109695,Örgü İpi
163720,Bavul İçi Düzenleyici
103666,Laptop Soğutucu
105438,Kedi Şampuanı
105664,Ahşap ve Metal Kesme
144897,Kajun Baharatı
164866,Bebek Arabası Aksesuar
109326,Zeytinyağı
110316,Paketleme Malzemeleri
145909,Dalış Eldiveni
144480,Puro Kutusu
108947,Kamp Sandalyesi
104066,Saç Köpüğü
105535,Çamaşır Parfümü
103812,Çamaşır Suyu
104067,Saç Spreyi
103932,Ev Tüketim Malzemeleri
144187,Vücut Peelingi
1358,Sporcu Sütyeni
104516,Mutfak Sandalyeleri
145671,Kick Boks Lapası
1096,Kitaplık
145098,Pirinç
109455,Toz Torbalı Süpürge
1020,Body
1206,Yastık
103732,Seyahat Sistem Bebek Arabası
109287,Gümüş Şahmeran
108327,Yapı Oyuncakları
105456,Portmanto
104211,Diğer Elektrikli Pişiriciler
104140,Mürekkep
145274,Gıda Boyası
109404,Keman
103891,Yağ ve Motor Katkıları
145925,Su Sporu Malzemeleri
145284,Şeker Hamuru
103741,Yürüteç
104325,Yabancı Roman
1078,Kahvaltı Takımı
109118,Mutfak Halısı
105722,Tesisat
104015,Makyaj Temizleme Mendilleri
165825,Mobilya Ayağı
109006,Yatırımlık Bilezik
109705,Kasnak
150062,Kablolu Hoparlör
104149,Pantolon Askısı
103551,Gümüş Küpe
143981,Motosiklet Branda
104287,Dambıllar ve Ağırlık Plakaları
144335,Motosiklet Grenaj Setleri
103710,Park Yatak ve Oyun Parkı
144699,Saç Vitamini
105703,Kaldırma Ekipmanları
143824,Söz Tepsisi
104013,Bakım Yağları
109252,Ateş Ölçer
144281,Damacana Pompası
105542,Ayak Sağlık Ürünleri
164079,Süsleme Tülü
145663,Bilardo ve Bilardo Malzemeleri
145675,Boks Standları
105724,Duş Sistemleri
143892,Puro Çakmağı
145955,Yanık Kremi
1053,Fondöten
104496,Çalışma Koltuğu
1001,Anahtarlık
109095,Buharlı Ütü
108664,Mouse
145804,Voleybol Topu
143731,Ağda Bandı
103827,Motosiklet Lüzumlu Ürünler
1087,Kartlık
101405,Tıraş Köpük ve Jelleri
143754,Dil Temizleyici
144860,Bulaşık Makinesi Temizleyici ve Koruyucu
104138,Etiket
144411,Tablet Standı
104215,Şamdan Mumluk
1162,Saç Maskesi
109364,Cetvel
142648,Geleneksel Türk Sanatları
145624,Kamp Masası
101386,Vücut Spreyi
145387,Jelatin
108544,Bilgisayar Yedek Parça
106330,French Press
1000,Runner & Amerikan Servisi
144189,Meyve Kurusu
1177,Sürahi & Karaf
1095,Kimono
104451,Yatak Başlığı
145140,Sürülebilir Çikolata
